{"cameraMode":{"drawMode":0,"name":"Shaded","section":"Shading Mode"},"sceneLighting":false,"audioPlay":false,"sceneViewState":{"showFog":true,"showMaterialUpdate":true,"showSkybox":false,"showFlares":true,"showImageEffects":true,"showParticleSystems":true},"in2DMode":false,"pivot":{"x":14.115303039550782,"y":7.318800926208496,"z":-14.863936424255371},"rotation":{"x":0.25851818919181826,"y":0.053574107587337497,"z":-0.014388269744813443,"w":0.9644283652305603},"size":5.130584239959717,"orthographic":false}