{"cameraMode":{"drawMode":0,"name":"Shaded","section":"Shading Mode"},"sceneLighting":false,"audioPlay":false,"sceneViewState":{"showFog":true,"showMaterialUpdate":true,"showSkybox":true,"showFlares":true,"showImageEffects":true,"showParticleSystems":true},"in2DMode":false,"pivot":{"x":4.940014839172363,"y":-4.166486740112305,"z":48.394962310791019},"rotation":{"x":0.3734240233898163,"y":-0.05564263090491295,"z":0.02237349934875965,"w":0.9257764220237732},"size":179.51417541503907,"orthographic":false}