{"cameraMode":{"drawMode":0,"name":"Shaded","section":"Shading Mode"},"sceneLighting":false,"audioPlay":false,"sceneViewState":{"showFog":true,"showMaterialUpdate":true,"showSkybox":true,"showFlares":true,"showImageEffects":true,"showParticleSystems":true},"in2DMode":false,"pivot":{"x":0.05646622180938721,"y":0.4869511127471924,"z":-0.06265747547149658},"rotation":{"x":-0.17364226281642915,"y":-0.38936126232147219,"z":0.07484296709299088,"w":-0.9015403389930725},"size":16553.041015625,"orthographic":false}