{"cameraMode":{"drawMode":0,"name":"Shaded","section":"Shading Mode"},"sceneLighting":false,"audioPlay":false,"sceneViewState":{"showFog":true,"showMaterialUpdate":true,"showSkybox":false,"showFlares":true,"showImageEffects":true,"showParticleSystems":true},"in2DMode":false,"pivot":{"x":-7.7615180015563969,"y":7.669788360595703,"z":37.3952522277832},"rotation":{"x":0.12604920566082,"y":0.0891583114862442,"z":-0.011364945210516453,"w":0.9879646301269531},"size":41.27629470825195,"orthographic":false}