{"cameraMode":{"drawMode":0,"name":"Shaded","section":"Shading Mode"},"sceneLighting":false,"audioPlay":false,"sceneViewState":{"showFog":true,"showMaterialUpdate":true,"showSkybox":false,"showFlares":true,"showImageEffects":true,"showParticleSystems":true},"in2DMode":false,"pivot":{"x":717.7000122070313,"y":187.30999755859376,"z":0.0},"rotation":{"x":-0.044387754052877429,"y":-0.017402255907654764,"z":0.000760363123845309,"w":-0.9988815784454346},"size":562.7619018554688,"orthographic":false}