{"cameraMode":{"drawMode":0,"name":"Shaded","section":"Shading Mode"},"sceneLighting":false,"audioPlay":false,"sceneViewState":{"showFog":true,"showMaterialUpdate":true,"showSkybox":false,"showFlares":true,"showImageEffects":true,"showParticleSystems":true},"in2DMode":false,"pivot":{"x":465.00006103515627,"y":357.6000061035156,"z":0.0},"rotation":{"x":0.024861851707100869,"y":-0.052461251616477969,"z":0.0013063066871836782,"w":0.9983253479003906},"size":549.9024047851563,"orthographic":false}