{"cameraMode":{"drawMode":0,"name":"Shaded","section":"Shading Mode"},"sceneLighting":false,"audioPlay":false,"sceneViewState":{"showFog":true,"showMaterialUpdate":true,"showSkybox":true,"showFlares":true,"showImageEffects":true,"showParticleSystems":true},"in2DMode":false,"pivot":{"x":4.782092571258545,"y":3.259999990463257,"z":13.449999809265137},"rotation":{"x":0.27187514305114748,"y":0.020198702812194825,"z":-0.005742479115724564,"w":0.9621255397796631},"size":15.23778247833252,"orthographic":false}