{"cameraMode":{"drawMode":0,"name":"Shaded","section":"Shading Mode"},"sceneLighting":false,"audioPlay":false,"sceneViewState":{"showFog":true,"showMaterialUpdate":true,"showSkybox":false,"showFlares":true,"showImageEffects":true,"showParticleSystems":true},"in2DMode":false,"pivot":{"x":-0.11800001561641693,"y":1.5,"z":1.2990000247955323},"rotation":{"x":0.16958105564117433,"y":0.004418817814439535,"z":-0.0008119870908558369,"w":0.9855549335479736},"size":4.379683494567871,"orthographic":false}